{"cameraMode":{"drawMode":0,"name":"Shaded","section":"Shading Mode"},"sceneLighting":false,"audioPlay":false,"sceneViewState":{"showFog":true,"showMaterialUpdate":false,"showSkybox":false,"showFlares":true,"showImageEffects":true,"showParticleSystems":true},"in2DMode":false,"pivot":{"x":21.449588775634767,"y":7.6515960693359379,"z":9.843070983886719},"rotation":{"x":-0.3256048262119293,"y":-0.029208701103925706,"z":0.010072491131722927,"w":-0.945020854473114},"size":22.0,"orthographic":false}