{"cameraMode":{"drawMode":0,"name":"Shaded","section":"Shading Mode"},"sceneLighting":false,"audioPlay":false,"sceneViewState":{"showFog":true,"showMaterialUpdate":false,"showSkybox":false,"showFlares":true,"showImageEffects":true,"showParticleSystems":true},"in2DMode":false,"pivot":{"x":21.449588775634767,"y":7.6515960693359379,"z":9.843070983886719},"rotation":{"x":-0.28537121415138247,"y":0.571125864982605,"z":-0.22106249630451203,"w":-0.7372564673423767},"size":22.0,"orthographic":false}